name,test_auc_roc_score,seed,test_tp,test_tn,test_fn,test_fp,test_se,test_sp,test_mcc,test_acc,test_F1,test_BA
O00141,0.986111111,1232,36,0,0,4,1,0,,0.9,0.947368421,0.5
O00238,0.75,1231,4,0,0,2,1,0,,0.666666667,0.8,0.5
O00311,0.964102564,1236,38,2,1,3,0.974358974,0.4,0.471360297,0.909090909,0.95,0.687179487
O00329,0.975600847,1238,503,29,4,25,0.992110454,0.537037037,0.663290335,0.948306595,0.971980676,0.764573745
O00418,1,1233,2,8,2,0,0.5,1,0.632455532,0.833333333,0.666666667,0.75
O00444,1,1239,17,5,0,2,1,0.714285714,0.799435891,0.916666667,0.944444444,0.857142857
O00506,1,1231,1,2,0,0,1,1,1,1,1,1
O14578,0.888888889,1239,3,2,0,1,1,0.666666667,0.707106781,0.833333333,0.857142857,0.833333333
O14730,1,1231,2,2,0,0,1,1,1,1,1,1
O14733,1,1231,3,2,0,0,1,1,1,1,1,1
O14757,0.948717949,1240,69,4,0,9,1,0.307692308,0.521717691,0.890243902,0.93877551,0.653846154
O14920,0.981927711,1233,81,26,2,14,0.975903614,0.65,0.699255165,0.869918699,0.91011236,0.812951807
O14965,0.935696871,1235,205,41,9,28,0.957943925,0.594202899,0.621617236,0.869257951,0.917225951,0.776073412
O14976,0.865079365,1237,18,3,0,4,1,0.428571429,0.592156525,0.84,0.9,0.714285714
O15075,1,1232,4,0,0,1,1,0,,0.8,0.888888889,0.5
O15111,0.916666667,1234,16,20,3,4,0.842105263,0.833333333,0.672495495,0.837209302,0.820512821,0.837719298
O15146,1,1232,2,0,0,1,1,0,,0.666666667,0.8,0.5
O15264,1,1232,5,0,0,2,1,0,,0.714285714,0.833333333,0.5
O15530,0.995076923,1238,63,23,2,2,0.969230769,0.92,0.889230769,0.955555556,0.969230769,0.944615385
O43293,1,1232,4,0,0,3,1,0,,0.571428571,0.727272727,0.5
O43318,0.908333333,1232,15,4,0,4,1,0.5,0.628280862,0.826086957,0.882352941,0.75
O43353,0.984649123,1231,34,22,4,2,0.894736842,0.916666667,0.800933347,0.903225806,0.918918919,0.905701754
O43781,0.9375,1232,4,3,0,1,1,0.75,0.774596669,0.875,0.888888889,0.875
O60285,1,1232,4,4,0,0,1,1,1,1,1,1
O60674,0.960016635,1238,788,24,1,40,0.998732573,0.375,0.583719587,0.951934349,0.974644403,0.686866286
O75116,0.902919864,1236,271,20,5,48,0.981884058,0.294117647,0.423404448,0.845930233,0.91092437,0.638000853
O75385,0.979166667,1235,5,8,1,0,0.833333333,1,0.860662966,0.928571429,0.909090909,0.916666667
O75460,0.965277778,1235,6,24,6,0,0.5,1,0.632455532,0.833333333,0.666666667,0.75
O75582,1,1232,7,4,0,1,1,0.8,0.836660027,0.916666667,0.933333333,0.9
O75676,1,1238,0,3,3,0,0,1,,0.5,,0.5
O75716,0.944444444,1232,6,0,0,3,1,0,,0.666666667,0.8,0.5
O75914,1,1234,2,0,0,1,1,0,,0.666666667,0.8,0.5
O94768,1,1236,4,7,3,0,0.571428571,1,0.632455532,0.785714286,0.727272727,0.785714286
O94804,1,1238,3,5,2,0,0.6,1,0.654653671,0.8,0.75,0.8
O94806,0.933333333,1236,5,5,0,1,1,0.833333333,0.833333333,0.909090909,0.909090909,0.916666667
O94921,1,1233,2,0,0,1,1,0,,0.666666667,0.8,0.5
O95819,0.917391304,1240,25,19,5,4,0.833333333,0.826086957,0.656571809,0.830188679,0.847457627,0.829710145
O95835,0.964285714,1234,28,0,0,3,1,0,,0.903225806,0.949152542,0.5
O96013,0.925925926,1234,21,7,3,2,0.875,0.777777778,0.632598735,0.848484848,0.893617021,0.826388889
O96017,0.958333333,1231,37,13,2,3,0.948717949,0.8125,0.776293035,0.909090909,0.936708861,0.880608974
P00516,1,1231,1,2,1,0,0.5,1,0.577350269,0.75,0.666666667,0.75
P00517,1,1232,3,0,0,2,1,0,,0.6,0.75,0.5
P00519,0.99589491,1238,85,28,2,0,0.977011494,1,0.954922717,0.982608696,0.988372093,0.988505747
P00520,1,1231,0,6,1,0,0,1,,0.857142857,,0.5
P00523,0.941176471,1236,17,4,0,2,1,0.666666667,0.772328446,0.913043478,0.944444444,0.833333333
P00533,1,1231,219,4,1,0,0.995454545,1,0.892392087,0.995535714,0.997722096,0.997727273
P04049,0.967032967,1235,90,11,1,10,0.989010989,0.523809524,0.647150229,0.901785714,0.942408377,0.756410256
P04409,1,1232,4,0,0,1,1,0,,0.8,0.888888889,0.5
P04626,0.96593869,1239,155,45,6,17,0.962732919,0.725806452,0.734493995,0.896860987,0.930930931,0.844269685
P04629,0.957915273,1231,230,28,4,18,0.982905983,0.608695652,0.688993906,0.921428571,0.954356846,0.795800818
P05129,0.942424242,1231,14,8,1,3,0.933333333,0.727272727,0.686023212,0.846153846,0.875,0.83030303
P05480,1,1232,2,5,0,0,1,1,1,1,1,1
P05622,0.957894737,1232,12,18,3,1,0.8,0.947368421,0.76361746,0.882352941,0.857142857,0.873684211
P05771,0.975517891,1238,58,12,1,6,0.983050847,0.666666667,0.734049199,0.909090909,0.943089431,0.824858757
P06213,0.938181818,1233,46,28,4,5,0.92,0.848484848,0.772711195,0.891566265,0.910891089,0.884242424
P06239,0.983367983,1240,37,9,0,4,1,0.692307692,0.790421077,0.92,0.948717949,0.846153846
P06240,1,1231,4,2,0,1,1,0.666666667,0.730296743,0.857142857,0.888888889,0.833333333
P06241,0.877176015,1231,5,47,17,0,0.227272727,1,0.408538137,0.753623188,0.37037037,0.613636364
P06493,0.929414922,1238,96,51,12,18,0.888888889,0.739130435,0.639715288,0.830508475,0.864864865,0.814009662
P07332,0.75,1235,4,0,0,2,1,0,,0.666666667,0.8,0.5
P07333,0.959663866,1235,119,3,0,7,1,0.3,0.532290647,0.945736434,0.971428571,0.65
P07947,0.959183673,1238,14,5,0,2,1,0.714285714,0.790569415,0.904761905,0.933333333,0.857142857
P07948,0.883928571,1235,28,8,0,8,1,0.5,0.623609564,0.818181818,0.875,0.75
P07949,0.988731125,1239,302,17,4,12,0.986928105,0.586206897,0.66487832,0.952238806,0.974193548,0.786567501
P08069,0.960736903,1233,183,33,10,12,0.948186528,0.733333333,0.693604489,0.907563025,0.943298969,0.840759931
P08581,0.956423696,1240,288,24,5,32,0.982935154,0.428571429,0.547180512,0.893982808,0.939641109,0.705753291
P08631,1,1233,13,0,0,3,1,0,,0.8125,0.896551724,0.5
P08922,1,1240,16,3,0,3,1,0.5,0.648885685,0.863636364,0.914285714,0.75
P09217,1,1231,10,12,1,0,0.909090909,1,0.916057225,0.956521739,0.952380952,0.954545455
P09619,0.93972332,1232,129,20,3,26,0.977272727,0.434782609,0.537763915,0.837078652,0.898954704,0.706027668
P09769,1,1232,4,0,0,1,1,0,,0.8,0.888888889,0.5
P10398,1,1231,3,0,0,1,1,0,,0.75,0.857142857,0.5
P10721,0.959005376,1234,177,63,9,25,0.951612903,0.715909091,0.708143797,0.875912409,0.912371134,0.833760997
P11309,0.973588105,1239,372,19,2,22,0.994652406,0.463414634,0.623589818,0.942168675,0.96875,0.72903352
P11362,0.93782446,1234,242,39,9,27,0.964143426,0.590909091,0.628703888,0.886435331,0.930769231,0.777526259
P11799,1,1233,0,6,2,0,0,1,,0.75,,0.5
P11802,0.964088398,1231,177,11,4,11,0.977900552,0.5,0.567889196,0.926108374,0.959349593,0.738950276
P12931,0.957246377,1235,136,17,2,13,0.985507246,0.566666667,0.667738044,0.910714286,0.947735192,0.776086957
P15056,0.9626401,1240,145,5,1,17,0.993150685,0.227272727,0.400693555,0.892857143,0.941558442,0.610211706
P15735,1,1237,1,3,1,0,0.5,1,0.612372436,0.8,0.666666667,0.75
P16234,0.917094017,1233,43,4,2,9,0.955555556,0.307692308,0.360466982,0.810344828,0.886597938,0.631623932
P16591,0.944444444,1236,6,0,0,3,1,0,,0.666666667,0.8,0.5
P17252,0.932692308,1236,75,30,3,14,0.961538462,0.681818182,0.695462082,0.860655738,0.898203593,0.821678322
P17612,0.888888889,1231,6,11,3,3,0.666666667,0.785714286,0.452380952,0.739130435,0.666666667,0.726190476
P17948,0.919753086,1238,76,15,5,13,0.938271605,0.535714286,0.535028526,0.834862385,0.894117647,0.736992945
P19525,0.958333333,1234,0,8,3,0,0,1,,0.727272727,,0.5
P19784,1,1236,16,1,0,6,1,0.142857143,0.322329186,0.739130435,0.842105263,0.571428571
P21709,1,1231,3,0,0,2,1,0,,0.6,0.75,0.5
P21802,0.99195171,1237,141,2,1,5,0.992957746,0.285714286,0.419806851,0.959731544,0.979166667,0.639336016
P21803,1,1232,2,2,0,0,1,1,1,1,1,1
P21860,1,1239,15,4,0,1,1,0.8,0.866025404,0.95,0.967741935,0.9
P22455,0.966165414,1237,133,0,0,8,1,0,,0.943262411,0.97080292,0.5
P22607,0.896065922,1236,169,4,2,18,0.988304094,0.181818182,0.311511547,0.896373057,0.944134078,0.585061138
P22694,1,1231,2,0,0,1,1,0,,0.666666667,0.8,0.5
P23443,0.974489796,1234,126,4,0,10,1,0.285714286,0.514495755,0.928571429,0.961832061,0.642857143
P23458,0.988012432,1236,697,14,2,15,0.99713877,0.482758621,0.640156246,0.976648352,0.987951807,0.739948695
P24723,1,1240,24,5,0,1,1,0.833333333,0.894427191,0.966666667,0.979591837,0.916666667
P24941,0.946230769,1237,249,26,1,26,0.996,0.5,0.65630411,0.910596026,0.948571429,0.748
P25098,0.947089947,1239,18,16,3,2,0.857142857,0.888888889,0.744065915,0.871794872,0.87804878,0.873015873
P27361,1,1232,10,5,0,0,1,1,1,1,1,1
P27448,1,1231,8,0,0,4,1,0,,0.666666667,0.8,0.5
P28482,0.987407407,1236,270,0,0,5,1,0,,0.981818182,0.990825688,0.5
P29317,0.929292929,1235,45,3,0,8,1,0.272727273,0.481207743,0.857142857,0.918367347,0.636363636
P29320,1,1231,3,2,0,1,1,0.666666667,0.707106781,0.833333333,0.857142857,0.833333333
P29322,1,1232,2,0,0,2,1,0,,0.5,0.666666667,0.5
P29323,1,1239,2,5,2,0,0.5,1,0.597614305,0.777777778,0.666666667,0.75
P29376,1,1236,2,2,2,0,0.5,1,0.5,0.666666667,0.666666667,0.75
P29597,0.94769436,1235,251,14,5,27,0.98046875,0.341463415,0.453813156,0.892255892,0.940074906,0.660966082
P30291,0.994230769,1232,52,6,0,4,1,0.6,0.746420027,0.935483871,0.962962963,0.8
P30530,0.952647439,1240,96,15,5,8,0.95049505,0.652173913,0.636900754,0.89516129,0.936585366,0.801334481
P31749,0.960658884,1240,166,20,3,17,0.982248521,0.540540541,0.637208035,0.902912621,0.943181818,0.761394531
P31751,0.959663866,1240,85,11,0,10,1,0.523809524,0.684595997,0.905660377,0.944444444,0.761904762
P32298,1,1231,2,2,0,0,1,1,1,1,1,1
P33981,0.97957958,1231,111,10,0,5,1,0.666666667,0.79870585,0.96031746,0.977973568,0.833333333
P34947,1,1233,2,11,2,0,0.5,1,0.650443636,0.866666667,0.666666667,0.75
P35590,1,1231,3,0,0,2,1,0,,0.6,0.75,0.5
P35916,0.977777778,1231,18,4,0,1,1,0.8,0.8705715,0.956521739,0.972972973,0.9
P35918,1,1231,6,5,1,0,0.857142857,1,0.845154255,0.916666667,0.923076923,0.928571429
P35968,0.952910959,1232,292,0,0,8,1,0,,0.973333333,0.986486486,0.5
P35969,1,1231,0,4,1,0,0,1,,0.8,,0.5
P36507,0.95,1240,4,4,0,1,1,0.8,0.8,0.888888889,0.888888889,0.9
P36888,0.967978395,1237,94,20,2,7,0.979166667,0.740740741,0.777538878,0.926829268,0.954314721,0.859953704
P36894,1,1234,3,0,0,2,1,0,,0.6,0.75,0.5
P36896,1,1231,8,6,0,1,1,0.857142857,0.872871561,0.933333333,0.941176471,0.928571429
P36897,0.936034115,1238,66,9,1,12,0.985074627,0.428571429,0.555557013,0.852272727,0.910344828,0.706823028
P37023,1,1231,14,4,0,1,1,0.8,0.86409876,0.947368421,0.965517241,0.9
P37173,0.852380952,1235,5,25,10,3,0.333333333,0.892857143,0.277025626,0.697674419,0.434782609,0.613095238
P41240,1,1231,3,4,1,0,0.75,1,0.774596669,0.875,0.857142857,0.875
P41279,0.955882353,1236,16,7,1,1,0.941176471,0.875,0.816176471,0.92,0.941176471,0.908088235
P41743,0.954054054,1233,35,15,2,5,0.945945946,0.75,0.726000488,0.877192982,0.909090909,0.847972973
P42336,0.931730807,1238,562,108,24,66,0.959044369,0.620689655,0.642962189,0.881578947,0.925864909,0.789867012
P42338,0.919035088,1232,173,95,17,25,0.910526316,0.791666667,0.712003784,0.864516129,0.891752577,0.851096491
P42345,0.956605593,1237,353,45,13,23,0.964480874,0.661764706,0.669008682,0.917050691,0.95148248,0.81312279
P42680,1,1232,19,0,0,1,1,0,,0.95,0.974358974,0.5
P42681,1,1231,27,0,0,2,1,0,,0.931034483,0.964285714,0.5
P42684,1,1232,7,0,0,1,1,0,,0.875,0.933333333,0.5
P42685,1,1231,7,0,0,3,1,0,,0.7,0.823529412,0.5
P43250,1,1233,0,5,1,0,0,1,,0.833333333,,0.5
P43403,0.995238095,1236,14,14,0,1,1,0.933333333,0.933333333,0.965517241,0.965517241,0.966666667
P43405,0.959137159,1233,313,15,2,24,0.993650794,0.384615385,0.553918259,0.926553672,0.960122699,0.689133089
P45983,0.931555004,1236,89,37,4,15,0.956989247,0.711538462,0.711957322,0.868965517,0.903553299,0.834263854
P45984,0.896747967,1235,35,23,6,7,0.853658537,0.766666667,0.623373503,0.816901408,0.843373494,0.810162602
P45985,1,1231,2,0,0,1,1,0,,0.666666667,0.8,0.5
P46734,1,1231,0,2,2,0,0,1,,0.5,,0.5
P47811,1,1233,19,2,0,2,1,0.5,0.672592709,0.913043478,0.95,0.75
P48729,1,1239,3,7,2,0,0.6,1,0.683130051,0.833333333,0.75,0.8
P48730,0.973076923,1234,90,13,1,7,0.989010989,0.65,0.739765606,0.927927928,0.957446809,0.819505495
P48736,0.937471461,1234,221,115,19,31,0.920833333,0.787671233,0.721725471,0.870466321,0.898373984,0.854252283
P49137,0.91503268,1236,44,34,7,8,0.862745098,0.80952381,0.673843679,0.838709677,0.854368932,0.836134454
P49336,0.96,1234,25,1,0,4,1,0.2,0.415227399,0.866666667,0.925925926,0.6
P49674,0.989361702,1240,94,4,0,9,1,0.307692308,0.529911853,0.91588785,0.954314721,0.653846154
P49759,0.916049383,1231,26,8,1,7,0.962962963,0.533333333,0.579549214,0.80952381,0.866666667,0.748148148
P49760,0.869047619,1239,14,1,0,5,1,0.166666667,0.350438322,0.75,0.848484848,0.583333333
P49761,1,1231,0,5,3,0,0,1,,0.625,,0.5
P49840,0.887672811,1236,41,51,15,11,0.732142857,0.822580645,0.557946792,0.779661017,0.759259259,0.777361751
P49841,0.966955626,1236,179,104,12,18,0.937172775,0.852459016,0.797368576,0.904153355,0.922680412,0.894815896
P50613,0.91638796,1234,22,8,1,5,0.956521739,0.615384615,0.634391535,0.833333333,0.88,0.785953177
P50750,0.94090714,1240,239,7,2,22,0.991701245,0.24137931,0.402042584,0.911111111,0.952191235,0.616540278
P51451,0.933333333,1238,15,2,0,2,1,0.5,0.664211164,0.894736842,0.9375,0.75
P51617,0.975,1239,10,3,0,1,1,0.75,0.825722824,0.928571429,0.952380952,0.875
P51812,1,1235,13,6,0,1,1,0.857142857,0.892142571,0.95,0.962962963,0.928571429
P51813,0.922222222,1235,15,1,0,5,1,0.166666667,0.353553391,0.761904762,0.857142857,0.583333333
P51955,1,1232,3,10,2,0,0.6,1,0.707106781,0.866666667,0.75,0.8
P52564,0.833333333,1237,0,3,2,0,0,1,,0.6,,0.5
P53350,0.972222222,1239,22,10,2,2,0.916666667,0.833333333,0.75,0.888888889,0.916666667,0.875
P53355,1,1231,2,4,1,0,0.666666667,1,0.730296743,0.857142857,0.8,0.833333333
P53667,0.964912281,1238,19,4,0,5,1,0.444444444,0.593171014,0.821428571,0.88372093,0.722222222
P53671,0.972222222,1231,18,2,0,2,1,0.5,0.670820393,0.909090909,0.947368421,0.75
P53778,0.96969697,1240,10,2,1,1,0.909090909,0.666666667,0.575757576,0.857142857,0.909090909,0.787878788
P53779,0.944408393,1240,62,58,7,9,0.898550725,0.865671642,0.764884461,0.882352941,0.885714286,0.882111183
P54646,1,1231,4,0,0,1,1,0,,0.8,0.888888889,0.5
P54753,1,1237,3,4,0,0,1,1,1,1,1,1
P54756,1,1232,3,1,0,1,1,0.5,0.612372436,0.8,0.857142857,0.75
P54760,0.922550629,1239,60,22,3,7,0.952380952,0.75862069,0.742561574,0.891304348,0.923076923,0.855500821
P54762,1,1233,0,2,2,0,0,1,,0.5,,0.5
P54764,0.777777778,1238,1,2,2,1,0.333333333,0.666666667,0,0.5,0.4,0.5
P57059,1,1231,3,0,0,1,1,0,,0.75,0.857142857,0.5
P63319,1,1231,0,5,4,0,0,1,,0.555555556,,0.5
P68400,0.957088123,1234,40,26,5,3,0.888888889,0.896551724,0.777147644,0.891891892,0.909090909,0.892720307
P70618,1,1231,5,0,0,1,1,0,,0.833333333,0.909090909,0.5
P78368,1,1231,2,3,1,0,0.666666667,1,0.707106781,0.833333333,0.8,0.833333333
P78527,0.942,1237,44,32,6,8,0.88,0.8,0.684117091,0.844444444,0.862745098,0.84
P80192,1,1232,6,2,0,1,1,0.666666667,0.755928946,0.888888889,0.923076923,0.833333333
P90584,0.888888889,1231,0,9,2,0,0,1,,0.818181818,,0.5
Q00526,1,1233,3,0,0,2,1,0,,0.6,0.75,0.5
Q00534,1,1233,43,1,0,2,1,0.333333333,0.564374449,0.956521739,0.977272727,0.666666667
Q00535,0.974264706,1240,31,22,3,2,0.911764706,0.916666667,0.823900265,0.913793103,0.925373134,0.914215686
Q00536,1,1232,3,3,0,0,1,1,1,1,1,1
Q00537,1,1233,3,0,0,1,1,0,,0.75,0.857142857,0.5
Q01279,1,1231,1,3,1,0,0.5,1,0.612372436,0.8,0.666666667,0.75
Q02156,0.964646465,1232,31,15,2,3,0.939393939,0.833333333,0.783349452,0.901960784,0.925373134,0.886363636
Q02750,0.973214286,1231,64,9,0,5,1,0.642857143,0.772187343,0.935897436,0.962406015,0.821428571
Q02763,0.953125,1231,63,15,1,8,0.984375,0.652173913,0.724596981,0.896551724,0.933333333,0.818274457
Q02779,1,1232,2,2,0,0,1,1,1,1,1,1
Q04759,0.95738204,1231,72,6,1,3,0.98630137,0.666666667,0.730457505,0.951219512,0.972972973,0.826484018
Q04771,1,1238,25,2,0,3,1,0.4,0.597614305,0.9,0.943396226,0.7
Q04912,1,1232,10,0,0,3,1,0,,0.769230769,0.869565217,0.5
Q05397,0.954751131,1233,65,62,13,6,0.833333333,0.911764706,0.74362738,0.869863014,0.872483221,0.87254902
Q05513,0.970238095,1239,5,20,3,1,0.625,0.952380952,0.637055912,0.862068966,0.714285714,0.788690476
Q05655,0.930020284,1231,58,6,0,11,1,0.352941176,0.544678981,0.853333333,0.913385827,0.676470588
Q06187,0.961775878,1240,485,5,1,21,0.997942387,0.192307692,0.388131393,0.95703125,0.977822581,0.59512504
Q06418,0.926215278,1234,64,8,0,10,1,0.444444444,0.619987407,0.87804878,0.927536232,0.722222222
Q07912,0.932680539,1236,42,12,1,7,0.976744186,0.631578947,0.688930868,0.870967742,0.913043478,0.804161567
Q08345,0.932443048,1234,131,4,3,15,0.97761194,0.210526316,0.296948315,0.882352941,0.935714286,0.594069128
Q08881,0.96039604,1238,99,10,2,9,0.98019802,0.526315789,0.616348405,0.908333333,0.947368421,0.753256905
Q09013,1,1232,1,2,1,0,0.5,1,0.577350269,0.75,0.666666667,0.75
Q12851,0.967105263,1232,7,17,1,2,0.875,0.894736842,0.745601135,0.888888889,0.823529412,0.884868421
Q12852,1,1231,64,0,0,3,1,0,,0.955223881,0.977099237,0.5
Q12866,0.96369637,1233,99,8,2,7,0.98019802,0.533333333,0.613932109,0.922413793,0.956521739,0.756765677
Q13043,1,1231,9,0,0,3,1,0,,0.75,0.857142857,0.5
Q13131,0.948275862,1233,29,0,0,4,1,0,,0.878787879,0.935483871,0.5
Q13153,1,1232,18,8,0,0,1,1,1,1,1,1
Q13163,0.8,1236,6,1,0,4,1,0.2,0.346410162,0.636363636,0.75,0.6
Q13164,0.888888889,1237,6,2,0,4,1,0.333333333,0.447213595,0.666666667,0.75,0.666666667
Q13177,1,1231,3,0,0,2,1,0,,0.6,0.75,0.5
Q13188,0.875,1239,8,0,0,4,1,0,,0.666666667,0.8,0.5
Q13233,1,1231,0,3,1,0,0,1,,0.75,,0.5
Q13315,1,1234,17,6,0,1,1,0.857142857,0.899735411,0.958333333,0.971428571,0.928571429
Q13418,0.984848485,1231,11,1,0,5,1,0.166666667,0.3385016,0.705882353,0.814814815,0.583333333
Q13464,0.902962963,1240,102,30,6,20,0.944444444,0.6,0.603697371,0.835443038,0.886956522,0.772222222
Q13470,0.933333333,1232,15,0,0,2,1,0,,0.882352941,0.9375,0.5
Q13535,0.937712895,1238,134,12,3,18,0.97810219,0.4,0.507648001,0.874251497,0.92733564,0.689051095
Q13546,0.936781609,1240,29,0,0,6,1,0,,0.828571429,0.90625,0.5
Q13555,0.833333333,1232,3,0,0,2,1,0,,0.6,0.75,0.5
Q13557,1,1231,40,0,0,1,1,0,,0.975609756,0.987654321,0.5
Q13627,0.964126984,1240,177,20,3,15,0.983333333,0.571428571,0.662616694,0.91627907,0.951612903,0.777380952
Q13705,1,1235,0,2,1,0,0,1,,0.666666667,,0.5
Q13873,1,1235,2,0,0,2,1,0,,0.5,0.666666667,0.5
Q13882,1,1232,15,4,0,2,1,0.666666667,0.766964989,0.904761905,0.9375,0.833333333
Q13976,1,1231,2,0,0,1,1,0,,0.666666667,0.8,0.5
Q14004,1,1240,2,2,0,0,1,1,1,1,1,1
Q14012,1,1233,0,3,1,0,0,1,,0.75,,0.5
Q14164,0.947772657,1236,52,55,11,7,0.825396825,0.887096774,0.713590588,0.856,0.852459016,0.8562468
Q14289,0.997493734,1239,20,18,1,1,0.952380952,0.947368421,0.899749373,0.95,0.952380952,0.949874687
Q14680,0.982363316,1240,81,3,0,4,1,0.428571429,0.639064442,0.954545455,0.975903614,0.714285714
Q15118,0.945378151,1240,68,4,0,10,1,0.285714286,0.499083409,0.87804878,0.931506849,0.642857143
Q15119,0.986413043,1234,62,18,2,5,0.96875,0.782608696,0.787496845,0.91954023,0.946564885,0.875679348
Q15120,1,1231,1,2,1,0,0.5,1,0.577350269,0.75,0.666666667,0.75
Q15139,0.989010989,1237,13,5,0,2,1,0.714285714,0.786795792,0.9,0.928571429,0.857142857
Q15303,0.933333333,1235,30,0,0,7,1,0,,0.810810811,0.895522388,0.5
Q15349,0.925925926,1233,27,0,0,6,1,0,,0.818181818,0.9,0.5
Q15375,0.833333333,1239,3,1,0,1,1,0.5,0.612372436,0.8,0.857142857,0.75
Q15418,0.952380952,1233,11,5,1,2,0.916666667,0.714285714,0.65477023,0.842105263,0.88,0.81547619
Q15569,1,1232,1,2,0,0,1,1,1,1,1,1
Q15746,1,1234,3,8,2,0,0.6,1,0.692820323,0.846153846,0.75,0.8
Q15759,1,1238,11,7,0,2,1,0.777777778,0.811245745,0.9,0.916666667,0.888888889
Q15835,1,1231,2,0,0,2,1,0,,0.5,0.666666667,0.5
Q16288,1,1232,11,4,0,0,1,1,1,1,1,1
Q16512,0.958333333,1237,3,6,1,0,0.75,1,0.801783726,0.9,0.857142857,0.875
Q16513,0.9375,1234,3,4,1,0,0.75,1,0.774596669,0.875,0.857142857,0.875
Q16539,1,1231,2,0,0,1,1,0,,0.666666667,0.8,0.5
Q16566,1,1232,0,2,1,0,0,1,,0.666666667,,0.5
Q16584,1,1237,15,2,0,2,1,0.5,0.664211164,0.894736842,0.9375,0.75
Q16620,1,1236,22,16,0,0,1,1,1,1,1,1
Q16654,1,1232,3,0,0,3,1,0,,0.5,0.666666667,0.5
Q16816,1,1238,2,0,0,2,1,0,,0.5,0.666666667,0.5
Q16832,0.954545455,1232,21,4,1,4,0.954545455,0.5,0.53935989,0.833333333,0.893617021,0.727272727
Q2M2I8,0.997368421,1236,76,0,0,5,1,0,,0.938271605,0.968152866,0.5
Q32MK0,1,1231,3,0,0,1,1,0,,0.75,0.857142857,0.5
Q56UN5,1,1240,5,0,0,2,1,0,,0.714285714,0.833333333,0.5
Q59H18,0.964285714,1238,14,1,0,3,1,0.25,0.453742606,0.833333333,0.903225806,0.625
Q5S007,0.962628866,1238,97,3,0,5,1,0.375,0.597174721,0.952380952,0.974874372,0.6875
Q5VT25,1,1234,1,3,2,0,0.333333333,1,0.447213595,0.666666667,0.5,0.666666667
Q60751,1,1231,3,0,0,1,1,0,,0.75,0.857142857,0.5
Q64617,1,1231,10,12,1,0,0.909090909,1,0.916057225,0.956521739,0.952380952,0.954545455
Q6PHR2,1,1234,4,0,0,2,1,0,,0.666666667,0.8,0.5
Q7KZI7,1,1235,3,4,1,0,0.75,1,0.774596669,0.875,0.857142857,0.875
Q7L7X3,1,1231,9,0,0,3,1,0,,0.75,0.857142857,0.5
Q86V86,0.961331901,1239,133,0,0,7,1,0,,0.95,0.974358974,0.5
Q86Z02,1,1233,2,3,1,0,0.666666667,1,0.707106781,0.833333333,0.8,0.833333333
Q8IU85,1,1232,3,0,0,2,1,0,,0.6,0.75,0.5
Q8IVH8,1,1234,3,3,1,0,0.75,1,0.75,0.857142857,0.857142857,0.875
Q8IW41,1,1233,3,2,0,1,1,0.666666667,0.707106781,0.833333333,0.857142857,0.833333333
Q8IYT8,1,1232,3,0,0,1,1,0,,0.75,0.857142857,0.5
Q8N4C8,1,1237,5,0,0,2,1,0,,0.714285714,0.833333333,0.5
Q8N5S9,1,1231,2,0,0,1,1,0,,0.666666667,0.8,0.5
Q8NE63,0.833333333,1231,3,0,0,2,1,0,,0.6,0.75,0.5
Q8NI60,1,1232,1,2,1,0,0.5,1,0.577350269,0.75,0.666666667,0.75
Q8TD08,1,1232,3,0,0,2,1,0,,0.6,0.75,0.5
Q8TD19,1,1232,1,2,0,0,1,1,1,1,1,1
Q8TDR2,1,1232,2,0,0,1,1,0,,0.666666667,0.8,0.5
Q8TF76,1,1240,3,0,0,1,1,0,,0.75,0.857142857,0.5
Q8WTQ7,1,1232,1,2,1,0,0.5,1,0.577350269,0.75,0.666666667,0.75
Q92630,0.9125,1235,9,5,1,3,0.9,0.625,0.553398591,0.777777778,0.818181818,0.7625
Q92918,1,1238,5,1,0,1,1,0.5,0.645497224,0.857142857,0.909090909,0.75
Q96GD4,0.945784082,1237,139,29,2,16,0.985815603,0.644444444,0.724250652,0.903225806,0.939189189,0.815130024
Q96KB5,0.964285714,1239,32,4,0,3,1,0.571428571,0.722806322,0.923076923,0.955223881,0.785714286
Q96L34,1,1232,3,3,0,0,1,1,1,1,1,1
Q96NX5,1,1231,1,2,1,0,0.5,1,0.577350269,0.75,0.666666667,0.75
Q96PY6,1,1231,24,2,0,1,1,0.666666667,0.8,0.962962963,0.979591837,0.833333333
Q96RR4,0.975,1232,8,2,0,3,1,0.4,0.53935989,0.769230769,0.842105263,0.7
Q96SB4,1,1231,11,0,0,3,1,0,,0.785714286,0.88,0.5
Q99558,0.943615257,1239,65,3,2,6,0.970149254,0.333333333,0.395528932,0.894736842,0.942028986,0.651741294
Q99640,1,1233,0,2,2,0,0,1,,0.5,,0.5
Q99683,1,1240,70,7,0,2,1,0.777777778,0.869581991,0.974683544,0.985915493,0.888888889
Q99759,1,1231,2,0,0,2,1,0,,0.5,0.666666667,0.5
Q9BQI3,1,1232,4,0,0,2,1,0,,0.666666667,0.8,0.5
Q9BRS2,1,1234,2,1,0,1,1,0.5,0.577350269,0.75,0.8,0.75
Q9BUB5,0.971986418,1240,35,28,3,3,0.921052632,0.903225806,0.824278438,0.913043478,0.921052632,0.912139219
Q9BVS4,1,1237,2,1,0,1,1,0.5,0.577350269,0.75,0.8,0.75
Q9BWU1,1,1231,2,1,0,1,1,0.5,0.577350269,0.75,0.8,0.75
Q9BXA7,1,1231,2,2,0,0,1,1,1,1,1,1
Q9BYT3,0.988235294,1235,5,16,0,1,1,0.941176471,0.885614886,0.954545455,0.909090909,0.970588235
Q9C098,1,1232,1,2,1,0,0.5,1,0.577350269,0.75,0.666666667,0.75
Q9H093,1,1232,4,0,0,1,1,0,,0.8,0.888888889,0.5
Q9H0K1,0.944444444,1239,6,0,0,3,1,0,,0.666666667,0.8,0.5
Q9H1R3,1,1231,2,2,0,0,1,1,1,1,1,1
Q9H2G2,0.88,1233,2,5,3,0,0.4,1,0.5,0.7,0.571428571,0.7
Q9H2K8,1,1233,8,3,0,1,1,0.75,0.816496581,0.916666667,0.941176471,0.875
Q9H2X6,1,1231,3,0,0,2,1,0,,0.6,0.75,0.5
Q9H3Y6,1,1231,2,0,0,1,1,0,,0.666666667,0.8,0.5
Q9H422,0.833333333,1234,3,0,0,2,1,0,,0.6,0.75,0.5
Q9H4B4,1,1236,13,4,0,2,1,0.666666667,0.76011695,0.894736842,0.928571429,0.833333333
Q9HAZ1,0.973856209,1238,16,6,1,3,0.941176471,0.666666667,0.651945681,0.846153846,0.888888889,0.803921569
Q9HBH9,0.980940594,1240,101,11,0,9,1,0.55,0.71063352,0.925619835,0.957345972,0.775
Q9HC98,1,1231,0,2,1,0,0,1,,0.666666667,,0.5
Q9HCP0,1,1240,0,3,2,0,0,1,,0.6,,0.5
Q9NQU5,1,1231,2,0,0,1,1,0,,0.666666667,0.8,0.5
Q9NRM7,1,1232,4,0,0,2,1,0,,0.666666667,0.8,0.5
Q9NRP7,1,1231,0,2,1,0,0,1,,0.666666667,,0.5
Q9NSY1,0.766666667,1232,5,3,1,2,0.833333333,0.6,0.448542614,0.727272727,0.769230769,0.716666667
Q9NWZ3,0.96281358,1240,386,8,3,21,0.992287918,0.275862069,0.425655287,0.942583732,0.969849246,0.634074993
Q9NYL2,1,1232,7,1,0,3,1,0.25,0.418330013,0.727272727,0.823529412,0.625
Q9NYY3,0.916666667,1239,14,2,0,4,1,0.333333333,0.509175077,0.8,0.875,0.666666667
Q9NZJ5,1,1232,9,2,0,0,1,1,1,1,1,1
Q9P0L2,1,1234,2,1,0,1,1,0.5,0.577350269,0.75,0.8,0.75
Q9P1W9,0.960185185,1236,214,11,2,14,0.990740741,0.44,0.581398264,0.933609959,0.963963964,0.71537037
Q9P286,1,1231,2,0,0,1,1,0,,0.666666667,0.8,0.5
Q9P289,0.833333333,1237,0,4,3,0,0,1,,0.571428571,,0.5
Q9P2K8,1,1233,4,0,0,2,1,0,,0.666666667,0.8,0.5
Q9UBE8,1,1232,4,0,0,1,1,0,,0.8,0.888888889,0.5
Q9UEE5,0.9,1231,10,2,0,1,1,0.666666667,0.778498944,0.923076923,0.952380952,0.833333333
Q9UF33,1,1232,3,1,0,1,1,0.5,0.612372436,0.8,0.857142857,0.75
Q9UHD2,0.902298851,1236,186,4,0,25,1,0.137931034,0.348695418,0.88372093,0.937027708,0.568965517
Q9UIK4,1,1232,3,0,0,2,1,0,,0.6,0.75,0.5
Q9UK32,1,1238,3,4,1,0,0.75,1,0.774596669,0.875,0.857142857,0.875
Q9UKE5,0.9375,1236,15,0,1,5,0.9375,0,-0.125,0.714285714,0.833333333,0.46875
Q9UL54,1,1232,0,3,2,0,0,1,,0.6,,0.5
Q9UM73,0.983068783,1231,87,16,3,5,0.966666667,0.761904762,0.757586669,0.927927928,0.956043956,0.864285714
Q9UPE1,1,1231,0,2,1,0,0,1,,0.666666667,,0.5
Q9UPZ9,1,1232,2,0,0,1,1,0,,0.666666667,0.8,0.5
Q9UQB9,0.916666667,1239,6,0,0,2,1,0,,0.75,0.857142857,0.5
Q9UQM7,1,1231,2,1,0,1,1,0.5,0.577350269,0.75,0.8,0.75
Q9WUD9,1,1231,3,0,0,1,1,0,,0.75,0.857142857,0.5
Q9Y243,0.994949495,1239,18,10,0,1,1,0.909090909,0.928032337,0.965517241,0.972972973,0.954545455
Q9Y2K2,1,1232,1,2,1,0,0.5,1,0.577350269,0.75,0.666666667,0.75
Q9Y2U5,1,1237,4,0,0,2,1,0,,0.666666667,0.8,0.5
Q9Y463,0.921212121,1238,33,4,0,6,1,0.4,0.581774474,0.860465116,0.916666667,0.7
Q9Y4K4,0.9375,1238,3,4,1,0,0.75,1,0.774596669,0.875,0.857142857,0.875
Q9Y572,0.914529915,1231,8,12,1,1,0.888888889,0.923076923,0.811965812,0.909090909,0.888888889,0.905982906
Q9Y616,1,1231,3,0,0,2,1,0,,0.6,0.75,0.5
Q9Y6E0,1,1232,3,0,0,1,1,0,,0.75,0.857142857,0.5
Q9Y6M4,1,1232,0,2,1,0,0,1,,0.666666667,,0.5
Q9Y6R4,1,1231,0,2,1,0,0,1,,0.666666667,,0.5
